{
    "Dijkstra": [
        197.89973614775727,
        238.95866141732284,
        239.751953125,
        226.57199211045364,
        233.58893280632412,
        235.12209302325581,
        241.57563850687623,
        239.94769874476987,
        221.01209677419354,
        234.4427966101695,
        220.4369918699187,
        231.43827160493828,
        222.01855670103092,
        242.18590998043052,
        227.51911468812878,
        227.20816326530613,
        235.59454191033137,
        236.76646706586826,
        235.69322709163347,
        224.2956349206349,
        227.0079207920792,
        250.20238095238096,
        233.54032258064515,
        229.93307086614172,
        245.2172131147541,
        221.09670781893004,
        236.5030800821355,
        237.99797570850203,
        235.7246963562753,
        235.8131212723658,
        234.87824351297405,
        235.24896265560167,
        231.2720156555773,
        233.46462715105162,
        241.334008097166,
        234.70927835051546,
        238.13223140495867,
        231.79757085020242,
        229.39714867617107,
        213.80625,
        256.4704641350211,
        205.87116564417178,
        227.49281314168377,
        241.00202839756594,
        241.64660194174758,
        250.09803921568627,
        231.91683569979716,
        234.036,
        238.86852589641435,
        236.93787575150301
    ],
    "Yen K": [
        152.79646017699116,
        143.64123711340207,
        160.699604743083,
        164.76761904761904,
        167.92079207920793,
        177.11871227364185,
        155.33519553072625,
        130.0285132382892,
        160.8237704918033,
        178.91287128712872,
        181.47722772277228,
        169.0718446601942,
        165.212890625,
        161.31013916500993,
        149.27565392354126,
        150.81800391389433,
        152.45472837022132,
        171.12825651302606,
        183.44016227180526,
        157.69230769230768,
        178.49263157894737,
        164.95393474088291,
        167.31062124248496,
        181.2757281553398,
        183.4227642276423,
        171.57570093457943,
        140.2268244575937,
        166.95696721311475,
        154.47450980392156,
        150.15444015444015,
        154.56299212598427,
        126.04651162790698,
        158.81425485961122,
        178.8040404040404,
        175.7017543859649,
        114.74897959183673,
        115.35398230088495,
        121.76939655172414,
        178.05668016194332,
        202.00383141762453,
        174.88408644400786,
        172.06163021868787,
        135.38003838771593,
        159.67857142857142,
        161.09288537549406,
        182.8565815324165,
        177.53643724696357,
        158.0494296577947,
        155.61346153846154,
        155.10504201680672
    ],
    "IACO": [
        112.34989648033127,
        108.89341085271317,
        109.31790744466801,
        97.76278118609407,
        96.14344262295081,
        101.23333333333333,
        101.67479674796748,
        103.4,
        112.2321083172147,
        104.96969696969697,
        97.5327868852459,
        114.08747514910537,
        108.42338709677419,
        109.81873727087576,
        106.68862275449102,
        93.2092050209205,
        119.36978131212723,
        123.33122362869199,
        106.50287907869482,
        103.64876033057851,
        108.96031746031746,
        104.28487229862475,
        214.58590308370043,
        107.3415559772296,
        93.87651821862349,
        106.94263862332696,
        102.43737166324435,
        101.23030303030303,
        131.36904761904762,
        104.88015717092338,
        98.78372591006423,
        107.75198412698413,
        99.93320235756386,
        101.548,
        91.07399577167018,
        97.59753593429159,
        105.52859960552269,
        114.54813359528487,
        101.47470817120623,
        109.39243027888446,
        113.456,
        126.58188824662813,
        97.43636363636364,
        92.47551020408163,
        112.95339805825243,
        115.60196078431373,
        118.93774319066148,
        95.71368421052631,
        105.16869918699187,
        100.62425447316103
    ],
    "IPR": [
        142.94594594594594,
        146.9889298892989,
        120.154,
        146.07072691552062,
        121.74395161290323,
        119.36550308008214,
        123.28510638297873,
        154.36039603960396,
        129.77667984189722,
        156.72520661157026,
        138.93933463796478,
        147.30056710775048,
        139.4616935483871,
        125.67695473251028,
        139.18343195266272,
        141.11764705882354,
        142.11194029850745,
        115.87909836065573,
        146.0773930753564,
        128.72186836518046,
        142.91650853889942,
        127.28389830508475,
        144.5196261682243,
        122.36228813559322,
        140.28367346938776,
        137.06952965235175,
        131.4527162977867,
        147.4757281553398,
        119.62015503875969,
        114.23155737704919,
        123.74066390041494,
        124.8556263269639,
        172.8949494949495,
        159.56308851224105,
        119.9003984063745,
        129.76582278481013,
        142.29918032786884,
        137.8069815195072,
        143.00386847195358,
        144.00411522633746,
        130.46092184368737,
        125.01394422310757,
        121.27364185110665,
        139.07471264367817,
        139.26789366053168,
        138.44320297951583,
        123.71830985915493,
        105.05021834061135,
        121.49301397205589,
        113.90871369294605
    ],
    "SIACO": [
        118.0561555075594,
        117.52429149797571,
        89.16460905349794,
        104.55645161290323,
        106.58167330677291,
        108.30478087649402,
        110.763671875,
        112.9515503875969,
        103.38900203665987,
        122.58742632612966,
        121.70498084291188,
        102.79158316633267,
        99.73921971252567,
        117.06896551724138,
        103.42967244701349,
        117.86019417475728,
        111.54150197628458,
        123.11618257261411,
        117.87109375,
        134.13980582524272,
        106.74760994263862,
        107.13565891472868,
        108.13618677042801,
        111.02554027504911,
        123.26482213438736,
        116,
        117.2280701754386,
        141.6441005802708,
        125.76587301587301,
        108.0746561886051,
        111.35902636916836,
        149.31075697211156,
        151.35363457760315,
        103.99027237354086,
        137.58396946564886,
        99.57786885245902,
        111.92099792099792,
        117.96893203883495,
        109.38067061143984,
        121.14741035856574,
        113.02495201535508,
        121.9038854805726,
        111.45330739299611,
        121.71814671814671,
        125.72868217054264,
        100.57905544147845,
        110.82736842105263,
        102.35802469135803,
        97.93482688391039,
        111.25393700787401
    ]
}